file permission, absolute path, file type 
(drwxr-xr-x),http://substack.net/../,
(drwxr-xr-x),http://substack.net/stealth_mode/,undefined
(drwxr-xr-x),http://substack.net/browserify/,undefined
(drwxr-xr-x),http://substack.net/browserling/,undefined
(drwxr-xr-x),http://substack.net/browsers/,undefined
(drwxr-xr-x),http://substack.net/dnode-slides/,undefined
(drwxr-xr-x),http://substack.net/do_not_write_big_apps/,undefined
(drwxr-xr-x),http://substack.net/dools/,undefined
(drwxr-xr-x),http://substack.net/furniture/,undefined
(drwxr-xr-x),http://substack.net/grave/,undefined
(drwxr-xr-x),http://substack.net/haskell-gd/,undefined
(drwxr-xr-x),http://substack.net/heatwave/,undefined
(drwxr-xr-x),http://substack.net/huge/,undefined
(drwxr-xr-x),http://substack.net/hujs/,undefined
(drwxr-xr-x),http://substack.net/hume/,undefined
(drwxr-xr-x),http://substack.net/hunger_games_oakland/,undefined
(drwxr-xr-x),http://substack.net/avatars/,undefined
(drwxr-xr-x),http://substack.net/laptop-battery-hack/,undefined
(drwxr-xr-x),http://substack.net/logo/,undefined
(drwxr-xr-x),http://substack.net/math/,undefined
(drwxr-xr-x),http://substack.net/nodeconf-2011-slides/,undefined
(drwxr-xr-x),http://substack.net/npmdep/,undefined
(drwxr-xr-x),http://substack.net/penny_farthing/,undefined
(drwxr-xr-x),http://substack.net/photo/,undefined
(drwxr-xr-x),http://substack.net/pix/,undefined
(drwxr-xr-x),http://substack.net/robot-telescope/,undefined
(drwxr-xr-x),http://substack.net/rov-2010/,undefined
(drwxr-xr-x),http://substack.net/scratch/,undefined
(drwxr-xr-x),http://substack.net/screenshots/,undefined
(drwxr-xr-x),http://substack.net/sf-city-lots/,undefined
(drwxr-xr-x),http://substack.net/spaceship/,undefined
(drwxr-xr-x),http://substack.net/internet/,undefined
(-rw-r--r--),http://substack.net/youtube.png,png
(-rw-r--r--),http://substack.net/yarnify.svg,svg
(-rw-r--r--),http://substack.net/yarnify.png,png
(-rw-r--r--),http://substack.net/writable.svg,svg
(-rw-r--r--),http://substack.net/writable.png,png
(-rw-r--r--),http://substack.net/worm.svg,svg
(-rw-r--r--),http://substack.net/worm.png,png
(-rw-r--r--),http://substack.net/world_map.svg,svg
(-rw-r--r--),http://substack.net/world_map.png,png
(-rw-r--r--),http://substack.net/wizard_sprite.svg,svg
(-rw-r--r--),http://substack.net/wizard_hat_dull.png,png
(-rw-r--r--),http://substack.net/wizard_hat.svg,svg
(-rw-r--r--),http://substack.net/wizard_hat.png,png
(-rw-r--r--),http://substack.net/wizard.svg,svg
(-rw-r--r--),http://substack.net/wizard.png,png
(-rw-r--r--),http://substack.net/why-browserling.png,png
(-rw-r--r--),http://substack.net/whale.svg,svg
(-rw-r--r--),http://substack.net/whale.png,png
(-rw-r--r--),http://substack.net/websockets.svg,svg
(-rw-r--r--),http://substack.net/websockets.png,png
(-rw-r--r--),http://substack.net/virtual_mars.svg,svg
(-rw-r--r--),http://substack.net/virtual_mars.png,png
(-rw-r--r--),http://substack.net/vaporwave.jpg,jpg
(-rw-r--r--),http://substack.net/upboat.svg,svg
(-rw-r--r--),http://substack.net/upboat.png,png
(-rw-r--r--),http://substack.net/unix_philosophy.svg,svg
(-rw-r--r--),http://substack.net/unix_philosophy.png,png
(-rw-r--r--),http://substack.net/universe-of-discord.svg,svg
(-rw-r--r--),http://substack.net/universe-of-discord.png,png
(-rw-r--r--),http://substack.net/twitter.png,png
(-rw-r--r--),http://substack.net/trumpet.svg,svg
(-rw-r--r--),http://substack.net/trumpet.png,png
(-rw-r--r--),http://substack.net/triceratops.svg,svg
(-rw-r--r--),http://substack.net/triceratops.png,png
(-rw-r--r--),http://substack.net/tree.svg,svg
(-rw-r--r--),http://substack.net/tree-traversal.svg,svg
(-rw-r--r--),http://substack.net/tree-traversal.png,png
(-rw-r--r--),http://substack.net/trampoline.png,png
(-rw-r--r--),http://substack.net/tracer_bullet.svg,svg
(-rw-r--r--),http://substack.net/tracer_bullet.png,png
(-rw-r--r--),http://substack.net/through.svg,svg
(-rw-r--r--),http://substack.net/through.png,png
(-rw-r--r--),http://substack.net/thomas-turtle.svg,svg
(-rw-r--r--),http://substack.net/thomas-turtle.png,png
(-rw-r--r--),http://substack.net/thinkpad.svg,svg
(-rw-r--r--),http://substack.net/thinkpad.png,png
(-rw-r--r--),http://substack.net/the-robot-vote.svg,svg
(-rw-r--r--),http://substack.net/the-robot-vote.png,png
(-rw-r--r--),http://substack.net/testling_sticker.svg,svg
(-rw-r--r--),http://substack.net/testling_sticker.png,png
(-rw-r--r--),http://substack.net/testling_mission_control.png,png
(-rw-r--r--),http://substack.net/testling_icon.png,png
(-rw-r--r--),http://substack.net/testling_donate_5.png,png
(-rw-r--r--),http://substack.net/testling_donate_20.png,png
(-rw-r--r--),http://substack.net/testling_donate_10.png,png
(-rw-r--r--),http://substack.net/testling_donate.svg,svg
(-rw-r--r--),http://substack.net/testling_big.png,png
(-rw-r--r--),http://substack.net/testling_badge_dnode.png,png
(-rw-r--r--),http://substack.net/testling_badge.svg,svg
(-rw-r--r--),http://substack.net/testling_badge.png,png
(-rw-r--r--),http://substack.net/testling.svg,svg
(-rw-r--r--),http://substack.net/testling.png,png
(-rw-r--r--),http://substack.net/tape_drive.svg,svg
(-rw-r--r--),http://substack.net/tape_drive.png,png
(-rw-r--r--),http://substack.net/tacodb_tacostack5.png,png
(-rw-r--r--),http://substack.net/tacodb_tacostack.png,png
(-rw-r--r--),http://substack.net/tacodb_platestack5.png,png
(-rw-r--r--),http://substack.net/tacodb_platestack.png,png
(-rw-r--r--),http://substack.net/tacodb_platedb.png,png
(-rw-r--r--),http://substack.net/tacodb_logo.png,png
(-rw-r--r--),http://substack.net/tacodb.svg,svg
(-rw-r--r--),http://substack.net/tacodb.png,png
(-rw-r--r--),http://substack.net/taco_conf_front.svg,svg
(-rw-r--r--),http://substack.net/taco_conf_date.png,png
(-rw-r--r--),http://substack.net/taco_conf_back.svg,svg
(-rw-r--r--),http://substack.net/taco_conf.png,png
(-rw-r--r--),http://substack.net/taco.svg,svg
(-rw-r--r--),http://substack.net/taco.png,png
(-rw-r--r--),http://substack.net/t-rex.svg,svg
(-rw-r--r--),http://substack.net/t-rex.png,png
(-rw-r--r--),http://substack.net/swoop.svg,svg
(-rw-r--r--),http://substack.net/swoop.png,png
(-rw-r--r--),http://substack.net/substackistan.png,png
(-rw-r--r--),http://substack.net/substack_pixel.svg,svg
(-rw-r--r--),http://substack.net/substack_monochrome.png,png
(-rw-r--r--),http://substack.net/substack_monochrome.jpg,jpg
(-rw-r--r--),http://substack.net/substack_header_letters.png,png
(-rw-r--r--),http://substack.net/substack_header.svg,svg
(-rw-r--r--),http://substack.net/substack_compute.jpg,jpg
(-rw-r--r--),http://substack.net/substack_compute.an8,an8
(-rw-r--r--),http://substack.net/substack_angry.png,png
(-rw-r--r--),http://substack.net/substack_240.png,png
(-rw-r--r--),http://substack.net/substack.svg,svg
(-rw-r--r--),http://substack.net/substack.png,png
(-rw-r--r--),http://substack.net/substack.gif,gif
(-rw-r--r--),http://substack.net/soundcloud.png,png
(-rw-r--r--),http://substack.net/sound_of_a_voice.svg,svg
(-rw-r--r--),http://substack.net/sound_of_a_voice.png,png
(-rw-r--r--),http://substack.net/sky_cake.svg,svg
(-rw-r--r--),http://substack.net/sky_cake.png,png
(-rw-r--r--),http://substack.net/singsong.png,png
(-rw-r--r--),http://substack.net/sillyscope_spectrogram.png,png
(-rw-r--r--),http://substack.net/shoe.svg,svg
(-rw-r--r--),http://substack.net/shoe.png,png
(-rw-r--r--),http://substack.net/shader_emulation_taurus.png,png
(-rw-r--r--),http://substack.net/sesame.svg,svg
(-rw-r--r--),http://substack.net/sesame.png,png
(-rw-r--r--),http://substack.net/separation_of_concerns.svg,svg
(-rw-r--r--),http://substack.net/separation_of_concerns.png,png
(-rw-r--r--),http://substack.net/self_big.jpg,jpg
(-rw-r--r--),http://substack.net/self.svg,svg
(-rw-r--r--),http://substack.net/self.png,png
(-rw-r--r--),http://substack.net/self.jpg,jpg
(-rw-r--r--),http://substack.net/secure_peer_logo.svg,svg
(-rw-r--r--),http://substack.net/secure_peer_logo.png,png
(-rw-r--r--),http://substack.net/seaport_logo.svg,svg
(-rw-r--r--),http://substack.net/seaport_logo.png,png
(-rw-r--r--),http://substack.net/seaport.svg,svg
(-rw-r--r--),http://substack.net/seaport.png,png
(-rw-r--r--),http://substack.net/scuttlebutt.svg,svg
(-rw-r--r--),http://substack.net/scuttlebutt.png,png
(-rw-r--r--),http://substack.net/school_of_fish.svg,svg
(-rw-r--r--),http://substack.net/school_of_fish.png,png
(-rw-r--r--),http://substack.net/saucer_pending.svg,svg
(-rw-r--r--),http://substack.net/saucer_pending.gif,gif
(-rw-r--r--),http://substack.net/saucer_landing.png,png
(-rw-r--r--),http://substack.net/safe_harbor_claus.svg,svg
(-rw-r--r--),http://substack.net/safe_harbor_claus.png,png
(-rw-r--r--),http://substack.net/rov.svg,svg
(-rw-r--r--),http://substack.net/rov.png,png
(-rw-r--r--),http://substack.net/ross_mural.png,png
(-rw-r--r--),http://substack.net/robot_telescope.svg,svg
(-rw-r--r--),http://substack.net/robot_telescope.png,png
(-rw-r--r--),http://substack.net/robot_recycling.jpg,jpg
(-rw-r--r--),http://substack.net/robot.svg,svg
(-rw-r--r--),http://substack.net/robot.png,png
(-rw-r--r--),http://substack.net/robokit.svg,svg
(-rw-r--r--),http://substack.net/robokit.png,png
(-rw-r--r--),http://substack.net/right.png,png
(-rw-r--r--),http://substack.net/readable.svg,svg
(-rw-r--r--),http://substack.net/readable.png,png
(-rw-r--r--),http://substack.net/raptor.svg,svg
(-rw-r--r--),http://substack.net/raptor.png,png
(-rw-r--r--),http://substack.net/queue.png,png
(-rw-r--r--),http://substack.net/quacks_like_a_duck.svg,svg
(-rw-r--r--),http://substack.net/quacks_like_a_duck.png,png
(-rw-r--r--),http://substack.net/pushover_logo.png,png
(-rw-r--r--),http://substack.net/pushover.svg,svg
(-rw-r--r--),http://substack.net/pushover.png,png
(-rw-r--r--),http://substack.net/printable_pixels.svg,svg
(-rw-r--r--),http://substack.net/printable.svg,svg
(-rw-r--r--),http://substack.net/pony.svg,svg
(-rw-r--r--),http://substack.net/pony.png,png
(-rw-r--r--),http://substack.net/polar_bear.svg,svg
(-rw-r--r--),http://substack.net/polar_bear.png,png
(-rw-r--r--),http://substack.net/ploy.svg,svg
(-rw-r--r--),http://substack.net/ploy.png,png
(-rw-r--r--),http://substack.net/pending_badge.png,png
(-rw-r--r--),http://substack.net/pause_stream.svg,svg
(-rw-r--r--),http://substack.net/pause_stream.png,png
(-rw-r--r--),http://substack.net/pascal.svg,svg
(-rw-r--r--),http://substack.net/pascal.png,png
(-rw-r--r--),http://substack.net/outline.png,png
(-rw-r--r--),http://substack.net/oscilloscope.svg,svg
(-rw-r--r--),http://substack.net/oscilloscope.png,png
(-rw-r--r--),http://substack.net/optimistic.svg,svg
(-rw-r--r--),http://substack.net/optimistic.png,png
(-rw-r--r--),http://substack.net/optimist_logo.svg,svg
(-rw-r--r--),http://substack.net/optimist_logo.png,png
(-rw-r--r--),http://substack.net/only-a-dream.svg,svg
(-rw-r--r--),http://substack.net/only-a-dream.png,png
(-rw-r--r--),http://substack.net/ogdenius_maximus.svg,svg
(-rw-r--r--),http://substack.net/ogdenius_maximus.png,png
(-rw-r--r--),http://substack.net/octopus.an8,an8
(-rw-r--r--),http://substack.net/oakland.svg,svg
(-rw-r--r--),http://substack.net/oakland.png,png
(-rw-r--r--),http://substack.net/oakjs.svg,svg
(-rw-r--r--),http://substack.net/oakjs.png,png
(-rw-r--r--),http://substack.net/oak_coffee.svg,svg
(-rw-r--r--),http://substack.net/oak_coffee.png,png
(-rw-r--r--),http://substack.net/npmtop.svg,svg
(-rw-r--r--),http://substack.net/npmtop.png,png
(-rw-r--r--),http://substack.net/npm.png,png
(-rw-r--r--),http://substack.net/node_turtle_solid.svg,svg
(-rw-r--r--),http://substack.net/node_turtle_solid.png,png
(-rw-r--r--),http://substack.net/node_turtle_plume.svg,svg
(-rw-r--r--),http://substack.net/node_turtle_plume.png,png
(-rw-r--r--),http://substack.net/node_turtle.svg,svg
(-rw-r--r--),http://substack.net/node_turtle.png,png
(-rw-r--r--),http://substack.net/no_earthquakes.png,png
(-rw-r--r--),http://substack.net/nesting-robots.svg,svg
(-rw-r--r--),http://substack.net/nesting-robots.png,png
(-rw-r--r--),http://substack.net/mux_demux.svg,svg
(-rw-r--r--),http://substack.net/mux_demux.png,png
(-rw-r--r--),http://substack.net/music.svg,svg
(-rw-r--r--),http://substack.net/music.png,png
(-rw-r--r--),http://substack.net/mushroom_cloud.svg,svg
(-rw-r--r--),http://substack.net/mushroom_cloud.png,png
(-rw-r--r--),http://substack.net/multimeter.svg,svg
(-rw-r--r--),http://substack.net/multimeter.png,png
(-rw-r--r--),http://substack.net/mrcolor.svg,svg
(-rw-r--r--),http://substack.net/mrcolor.png,png
(-rw-r--r--),http://substack.net/mountie_equation.png,png
(-rw-r--r--),http://substack.net/mountie.svg,svg
(-rw-r--r--),http://substack.net/mountie.png,png
(-rw-r--r--),http://substack.net/monster_0.svg,svg
(-rw-r--r--),http://substack.net/modularity.png,png
(-rw-r--r--),http://substack.net/mind_explosion_silly.png,png
(-rw-r--r--),http://substack.net/mind_explosion.svg,svg
(-rw-r--r--),http://substack.net/mind_explosion.png,png
(-rw-r--r--),http://substack.net/microwave.png,png
(-rw-r--r--),http://substack.net/method-chain.svg,svg
(-rw-r--r--),http://substack.net/method-chain.png,png
(-rw-r--r--),http://substack.net/message-passing.svg,svg
(-rw-r--r--),http://substack.net/message-passing.png,png
(-rw-r--r--),http://substack.net/mechanical_bull.svg,svg
(-rw-r--r--),http://substack.net/mechanical_bull.png,png
(-rw-r--r--),http://substack.net/mcilroy.svg,svg
(-rw-r--r--),http://substack.net/mcilroy.png,png
(-rw-r--r--),http://substack.net/maxwell-equations.jpg,jpg
(-rw-r--r--),http://substack.net/max_fish.png,png
(-rw-r--r--),http://substack.net/max.svg,svg
(-rw-r--r--),http://substack.net/max.png,png
(-rw-r--r--),http://substack.net/max.gif,gif
(-rw-r--r--),http://substack.net/marley.svg,svg
(-rw-r--r--),http://substack.net/marley.png,png
(-rw-r--r--),http://substack.net/malicious-user.svg,svg
(-rw-r--r--),http://substack.net/malicious-user.png,png
(-rw-r--r--),http://substack.net/malicious-attack.svg,svg
(-rw-r--r--),http://substack.net/malicious-attack.png,png
(-rw-r--r--),http://substack.net/mad_science_&#x75AF;&#x72C2;&#x79D1;&#x5B66;.svg,svg
(-rw-r--r--),http://substack.net/mad_science_&#x75AF;&#x72C2;&#x79D1;&#x5B66;.png,png
(-rw-r--r--),http://substack.net/mad_science.svg,svg
(-rw-r--r--),http://substack.net/mad_science.png,png
(-rw-r--r--),http://substack.net/leveldb.svg,svg
(-rw-r--r--),http://substack.net/leveldb.png,png
(-rw-r--r--),http://substack.net/level_party.svg,svg
(-rw-r--r--),http://substack.net/level_party.png,png
(-rw-r--r--),http://substack.net/lettuce.svg,svg
(-rw-r--r--),http://substack.net/lettuce.png,png
(-rw-r--r--),http://substack.net/left.png,png
(-rw-r--r--),http://substack.net/lebron.svg,svg
(-rw-r--r--),http://substack.net/lebron.png,png
(-rw-r--r--),http://substack.net/lazorse.svg,svg
(-rw-r--r--),http://substack.net/lazorse.png,png
(-rw-r--r--),http://substack.net/lanyrd.png,png
(-rw-r--r--),http://substack.net/lambdaphant.svg,svg
(-rw-r--r--),http://substack.net/lambdaphant.png,png
(-rw-r--r--),http://substack.net/kernighan.svg,svg
(-rw-r--r--),http://substack.net/kernighan.png,png
(-rw-r--r--),http://substack.net/keeping_it_surrealtime.svg,svg
(-rw-r--r--),http://substack.net/keeping_it_surrealtime.png,png
(-rw-r--r--),http://substack.net/jumping.png,png
(-rw-r--r--),http://substack.net/isaacs.svg,svg
(-rw-r--r--),http://substack.net/isaacs.png,png
(-rw-r--r--),http://substack.net/iphone_safari.png,png
(-rw-r--r--),http://substack.net/iphone.png,png
(-rw-r--r--),http://substack.net/ipad_safari.png,png
(-rw-r--r--),http://substack.net/ipad.png,png
(-rw-r--r--),http://substack.net/ios_safari.png,png
(-rw-r--r--),http://substack.net/interplanetary-brotherhood-of-robots.svg,svg
(-rw-r--r--),http://substack.net/interplanetary-brotherhood-of-robots.png,png
(-rw-r--r--),http://substack.net/internal-error.svg,svg
(-rw-r--r--),http://substack.net/internal-error.png,png
(-rw-r--r--),http://substack.net/ieee.png,png
(-rw-r--r--),http://substack.net/icebreaker.svg,svg
(-rw-r--r--),http://substack.net/icebreaker.png,png
(-rw-r--r--),http://substack.net/hyperspace.svg,svg
(-rw-r--r--),http://substack.net/hyperspace.png,png
(-rw-r--r--),http://substack.net/hunger_games_oakland.svg,svg
(-rw-r--r--),http://substack.net/hunger_games_oakland.png,png
(-rw-r--r--),http://substack.net/html5.svg,svg
(-rw-r--r--),http://substack.net/html5.png,png
(-rw-r--r--),http://substack.net/ht_in_et_draft2.png,png
(-rw-r--r--),http://substack.net/ht_in_et_draft1.png,png
(-rw-r--r--),http://substack.net/ht_in_et_draft0.png,png
(-rw-r--r--),http://substack.net/ht_in_et.svg,svg
(-rw-r--r--),http://substack.net/ht_in_et.png,png
(-rw-r--r--),http://substack.net/hookio.svg,svg
(-rw-r--r--),http://substack.net/hookio.png,png
(-rw-r--r--),http://substack.net/hjkl.svg,svg
(-rw-r--r--),http://substack.net/hjkl.png,png
(-rw-r--r--),http://substack.net/heatwave.png,png
(-rw-r--r--),http://substack.net/heatmap.png,png
(-rw-r--r--),http://substack.net/hat.svg,svg
(-rw-r--r--),http://substack.net/hat.png,png
(-rw-r--r--),http://substack.net/harnessing_streams.svg,svg
(-rw-r--r--),http://substack.net/harnessing_streams.png,png
(-rw-r--r--),http://substack.net/halliday.svg,svg
(-rw-r--r--),http://substack.net/halliday.png,png
(-rw-r--r--),http://substack.net/gossip_protocol.svg,svg
(-rw-r--r--),http://substack.net/gossip_protocol.png,png
(-rw-r--r--),http://substack.net/gittip.png,png
(-rw-r--r--),http://substack.net/gitorious.png,png
(-rw-r--r--),http://substack.net/github_request.png,png
(-rw-r--r--),http://substack.net/github.png,png
(-rw-r--r--),http://substack.net/funny-papers.svg,svg
(-rw-r--r--),http://substack.net/funny-papers.png,png
(-rw-r--r--),http://substack.net/freestyle_streams.svg,svg
(-rw-r--r--),http://substack.net/freestyle_streams.png,png
(-rw-r--r--),http://substack.net/fleet.svg,svg
(-rw-r--r--),http://substack.net/fleet.png,png
(-rw-r--r--),http://substack.net/felidae.svg,svg
(-rw-r--r--),http://substack.net/felidae.png,png
(-rw-r--r--),http://substack.net/feed.png,png
(-rw-r--r--),http://substack.net/favicon.svg,svg
(-rw-r--r--),http://substack.net/favicon.png,png
(-rw-r--r--),http://substack.net/falafel_logo.svg,svg
(-rw-r--r--),http://substack.net/falafel_logo.png,png
(-rw-r--r--),http://substack.net/falafel.svg,svg
(-rw-r--r--),http://substack.net/falafel.png,png
(-rw-r--r--),http://substack.net/facebook.png,png
(-rw-r--r--),http://substack.net/exterminate.svg,svg
(-rw-r--r--),http://substack.net/exterminate.png,png
(-rw-r--r--),http://substack.net/ent.svg,svg
(-rw-r--r--),http://substack.net/ent.png,png
(-rw-r--r--),http://substack.net/emit_stream_1.png,png
(-rw-r--r--),http://substack.net/emit_stream_0.png,png
(-rw-r--r--),http://substack.net/emit_stream.svg,svg
(-rw-r--r--),http://substack.net/emit_stream.gif,gif
(-rw-r--r--),http://substack.net/duplexer.svg,svg
(-rw-r--r--),http://substack.net/duplexer.png,png
(-rw-r--r--),http://substack.net/duplex_streams.svg,svg
(-rw-r--r--),http://substack.net/duplex_streams.png,png
(-rw-r--r--),http://substack.net/duplex_shirt.svg,svg
(-rw-r--r--),http://substack.net/duplex_shirt.png,png
(-rw-r--r--),http://substack.net/duck.svg,svg
(-rw-r--r--),http://substack.net/duck.png,png
(-rw-r--r--),http://substack.net/dtrace_pony.svg,svg
(-rw-r--r--),http://substack.net/dtrace_pony.png,png
(-rw-r--r--),http://substack.net/dtrace_pony.eps,eps
(-rw-r--r--),http://substack.net/dreamhosted.svg,svg
(-rw-r--r--),http://substack.net/dreamhosted.png,png
(-rw-r--r--),http://substack.net/draw_oakland.svg,svg
(-rw-r--r--),http://substack.net/draw_oakland.png,png
(-rw-r--r--),http://substack.net/document.png,png
(-rw-r--r--),http://substack.net/dnode_logo.svg,svg
(-rw-r--r--),http://substack.net/dnode_logo.png,png
(-rw-r--r--),http://substack.net/dnode_freestyle.png,png
(-rw-r--r--),http://substack.net/dnode.svg,svg
(-rw-r--r--),http://substack.net/dnode.png,png
(-rw-r--r--),http://substack.net/dismantle_all_the_standards_bodies.svg,svg
(-rw-r--r--),http://substack.net/dismantle_all_the_standards_bodies.png,png
(-rw-r--r--),http://substack.net/dijkstra-folk-wisdom.svg,svg
(-rw-r--r--),http://substack.net/dijkstra-folk-wisdom.png,png
(-rw-r--r--),http://substack.net/created_by_browserling_banner.svg,svg
(-rw-r--r--),http://substack.net/created_by_browserling_banner.png,png
(-rw-r--r--),http://substack.net/crane.svg,svg
(-rw-r--r--),http://substack.net/crane.png,png
(-rw-r--r--),http://substack.net/couchdb.svg,svg
(-rw-r--r--),http://substack.net/couchdb.png,png
(-rw-r--r--),http://substack.net/coronation.svg,svg
(-rw-r--r--),http://substack.net/coronation.png,png
(-rw-r--r--),http://substack.net/copter.svg,svg
(-rw-r--r--),http://substack.net/copter.png,png
(-rw-r--r--),http://substack.net/compute.png,png
(-rw-r--r--),http://substack.net/code_coverage.svg,svg
(-rw-r--r--),http://substack.net/code_coverage.png,png
(-rw-r--r--),http://substack.net/clown.svg,svg
(-rw-r--r--),http://substack.net/clown.png,png
(-rw-r--r--),http://substack.net/clocker.svg,svg
(-rw-r--r--),http://substack.net/clocker.png,png
(-rw-r--r--),http://substack.net/cipherhub.svg,svg
(-rw-r--r--),http://substack.net/cipherhub.png,png
(-rw-r--r--),http://substack.net/charms.svg,svg
(-rw-r--r--),http://substack.net/charms.png,png
(-rw-r--r--),http://substack.net/chainsaw.svg,svg
(-rw-r--r--),http://substack.net/chainsaw.png,png
(-rw-r--r--),http://substack.net/cat-on-keys.png,png
(-rw-r--r--),http://substack.net/cassette_robot.jpg,jpg
(-rw-r--r--),http://substack.net/cassette_bot.an8,an8
(-rw-r--r--),http://substack.net/cash_register.svg,svg
(-rw-r--r--),http://substack.net/cash_register.png,png
(-rw-r--r--),http://substack.net/cannon.svg,svg
(-rw-r--r--),http://substack.net/cannon.png,png
(-rw-r--r--),http://substack.net/california_roll.svg,svg
(-rw-r--r--),http://substack.net/california_roll.png,png
(-rw-r--r--),http://substack.net/burrito.svg,svg
(-rw-r--r--),http://substack.net/burrito.png,png
(-rw-r--r--),http://substack.net/bug.png,png
(-rw-r--r--),http://substack.net/browsers.svg,svg
(-rw-r--r--),http://substack.net/browserling_map.png,png
(-rw-r--r--),http://substack.net/browserling_icon.png,png
(-rw-r--r--),http://substack.net/browserling-tshirt.svg,svg
(-rw-r--r--),http://substack.net/browserling-tshirt.png,png
(-rw-r--r--),http://substack.net/browserify_logo.svg,svg
(-rw-r--r--),http://substack.net/browserify_logo.png,png
(-rw-r--r--),http://substack.net/browserify.svg,svg
(-rw-r--r--),http://substack.net/browserify.png,png
(-rw-r--r--),http://substack.net/brain.svg,svg
(-rw-r--r--),http://substack.net/brain.png,png
(-rw-r--r--),http://substack.net/bouncy.svg,svg
(-rw-r--r--),http://substack.net/bouncy.png,png
(-rw-r--r--),http://substack.net/binary-stream.svg,svg
(-rw-r--r--),http://substack.net/binary-stream.png,png
(-rw-r--r--),http://substack.net/ben.svg,svg
(-rw-r--r--),http://substack.net/ben.png,png
(-rw-r--r--),http://substack.net/bed.svg,svg
(-rw-r--r--),http://substack.net/bed.png,png
(-rw-r--r--),http://substack.net/bb.png,png
(-rw-r--r--),http://substack.net/baudio_logo.svg,svg
(-rw-r--r--),http://substack.net/baudio_logo.png,png
(-rw-r--r--),http://substack.net/badge.png,png
(-rw-r--r--),http://substack.net/arrows.svg,svg
(-rw-r--r--),http://substack.net/apatosaur.svg,svg
(-rw-r--r--),http://substack.net/apatosaur.png,png
(-rw-r--r--),http://substack.net/anyone-can-hack.jpg,jpg
(-rw-r--r--),http://substack.net/android_chrome.png,png
(-rw-r--r--),http://substack.net/all_the_way_down.svg,svg
(-rw-r--r--),http://substack.net/all_the_way_down.png,png
(-rw-r--r--),http://substack.net/all_the_concerns.png,png
(-rw-r--r--),http://substack.net/airport.svg,svg
(-rw-r--r--),http://substack.net/airport.png,png
(-rw-r--r--),http://substack.net/agu.svg,svg
(-rw-r--r--),http://substack.net/a_pipe_b_pipe_a.svg,svg
(-rw-r--r--),http://substack.net/a_pipe_b_pipe_a.png,png
(-rw-r--r--),http://substack.net/a_browser_in_your_browser.png,png
(-rw-r--r--),http://substack.net/LICENSE,undefined
(-rw-r--r--),http://substack.net/1up_upvote.png,png
(-rw-r--r--),http://substack.net/1up.svg,svg
(-rw-r--r--),http://substack.net/1up.png,png
